p1 CCCTCTCTTTTGGATGTA ; p101 AATTAATTTATGTATAAC
p2 AAACCCGGATAGCACGGC ; p102 GCCGCATGCCCATTTTAC
p3 GGCATACCACTCTAGAGC ; p103 GGGGATTGCCCCTTAGTA
p4 GACGCCCCCCTACGGCTA ; p104 TCCAAATTAATTTAGAAT
p5 GGAGAGCGAGCGCGCTCA ; p105 CTACAGTAGATGTGAGGC
p6 GCGTGCAGCTTCTGTTTA ; p106 CCCTGCCGGCAATACAAC
p7 CTCACCTGGAGGTCCGGG ; p107 TTAAGGGCCGTCAGCTCT
p8 TCAGGCAATTGGCGTCAA ; p108 GTCCCTAACGTCCAATAT
p9 AATGACGTAGCCCAACTT ; p109 CAGCACGGTTACTAGGCC
p10 TCATTATCATAAGGAGTA ; p110 AAAATAGACTTTATAAGT
p11 TTCACAAGTCGATTTGGG ; p111 GACCTATGAGATCCCGGC
p12 TCTACCATGGGAGATATG ; p112 TAAATACACAAAGATACC
p13 TGGGGTACGGTTAATCTG ; p113 GGCTTTTAGACAAACGTA
p14 GCTTGCACCTGCGCAATT ; p114 AAGACTAGACGTCTTATG
p15 AGCCCCCCAGTGCCCTTT ; p115 CTCTCAAGAACGCTGATA
p16 GCCTTACTCTTCAGGATA ; p116 GTACGTATCTGCTCCAGC
p17 ACCTCTAACTCCGCCTAC ; p117 GCTTATACGATAGATCTT
p18 CTCCTTGCCAACCATCCG ; p118 GCTATGACAGGGGTTAGG
p19 GGAGCTGACGCTCCCAGA ; p119 GAATTTTGGTTTACCGCT
p20 ATTCGTAGATGTCCAGAA ; p120 ACTAGGGGTATTTCCAAC
p21 TCATGGCTTCTCACGGTG ; p121 GATACTTTCGAGCATGCC
p22 CGCGTGTCATGGCCGGCG ; p122 TGGCATACTGATACCCTT
p23 CCTCCCCATATACCGCCT ; p123 GCAGCAAGTCGTCACGTG
p24 GCGGATGCCCTAATCGCT ; p124 AACGGGCGATCTCTACAC
p25 ATGGGCAACCCCTACCCT ; p125 CATGAAACTCTAAACAAA
p26 GTTTCAATTTTGTATTTA ; p126 CTAAGGGTGGTTCTTCGC
p27 CTGTAGTTAGTACGAGGC ; p127 CGGCTTACAGGCACGCGT
p28 GACCCCGTACGGGGGGTC ; p128 GGGCGCGCAGTCGGTTAA
p29 TTCGGCCTGTTCATGTCT ; p129 CTGCGACCCGCATCCAGC
p30 CCAGGGTTGCCTTGGCAA ; p130 GTGCTGTACGAGGGGCCC
p31 GCCAGGCTCCGCGTGCCG ; p131 TCGTAGTGCATACGCGAA
p32 TCATTCGACCTTCGTAGC ; p132 AGTGCATCCGGTCAGTCG
p33 CTACTCCTCTGATCAGGC ; p133 GCAAACGTCTGCTCAAGT
p34 CCCTCCGGTTTAATCTAC ; p134 ACAACTCCGTATTCTGAG
p35 CGCAACTGCGATTGCTTT ; p135 CTAGCATGTGACGTAATT
p36 GCGACATAAGAGCTCAAG ; p136 TGTACGCACGTATAGTAC
p37 GATAACGGTCCTACTTCG ; p137 GCGTAGTGCTACCGTACT
p38 GACCACTGATTTTCCACT ; p138 GTTAAGAGACTATCGACA
p39 GTGGGTTTTATTCGGGAT ; p139 CGGTATGTATTGCTGCTA
p40 GTGGTCCTCGGATTAACA ; p140 CGCCAGAAGCAAAGCTCA
p41 TACGCCTTCTCAGCAAGG ; p141 GATAAAGCCTTAACCTTA
p42 CTCCATGGACATCCAGTA ; p142 AATACAGTCTGCTACTTA
p43 CCAGCTGACTCTAAAGCG ; p143 GGGCAGGAGGGTGGTCCA
p44 TAATTTTTACCCCTATGA ; p144 ATGGGACAATAACGCAGC
p45 TATCGATTATCTCTAAGG ; p145 TGCTACACGTCGCCGGTG
p46 GACCTAAAGTAGAGACTG ; p146 GGTTCAGCCACGTATACC
p47 CAGTCATACTTCCGAAAC ; p147 AGTAGGTGCTTAGACCGT
p48 ATGCATGGCCGAGGTGCA ; p148 GTGAATAGGGGGTATTCG
p49 CGAGATGTTTATTCTTGA ; p149 GATTGATCCATGAATGGT
p50 CATCGTCTCTGAAGAACG ; p150 TAACGTGTGGCGCTATCC
p51 TCCTCGGCCCGTGCCTCT ; p151 GCTAGCAGATGAATACAA
p52 TTATAGTGAGCCGAGGGC ; p152 ACCTTCCCGACTAACTCA
p53 TGATGTTCGAGGGCGGGA ; p153 CCGCCTATCCCTGACAAG
p54 TCAACTCTTGACAGCGAT ; p154 TTTATGTTACAACGAGAC
p55 TGGTGGACCGTACAATTT ; p155 GAATGGCTTCCCAGAGTG
p56 AGATTAGAATGAAGACCA ; p156 CTATGGCAAATAGCTCCA
p57 TAAGGGGCCCGTCTTAAA ; p157 GTGTGATCGTCTGCCACA
p58 CCTTAGGGCTCCACACCG ; p158 GGGACAGACTGCATTCCA
p59 CTCAGTTCCCCTCGAAAG ; p159 AAACTCAGGATATTCGTG
p60 GGACCTCCCCCTGCAACT ; p160 AATGCTATACTTCGCCCT
p61 TACGTTTATGAAAATGCC ; p161 ACACAACATTGCTGTTAA
p62 CAGTTTAAGCCTCGGGCC ; p162 GCAGAACACCGATGCCTT
p63 ATAGCCCTGTCGTAGGTG ; p163 ATTAGAATGATTCCAATT
p64 ATTGTATACTGAAGCGGA ; p164 ACCTAAGGGAAGGGCGCC
p65 GGTGATTGCTTCCTTTTG ; p165 CGCCTACTCTGAACGTTG
p66 CCGATTACGTAAATCTGC ; p166 GTGTTTTGAGTTGTATGG
p67 AAGACCTTCAAGGGATTA ; p167 ATTCCTCGCTATGTCGGC
p68 ACAATTCAAATAGCAGTT ; p168 GAAGTTAACACCGCTTAG
p69 TAACTCATGCGCCGAATA ; p169 AAAGGGTTACCCGATGGC
p70 GTTTTTATGTCGTTCTTA ; p170 AGGAGGAACACTTATGTT
p71 AAAATAACGGCACATAAG ; p171 CAACGTAACGCCACAAAC
p72 TCAGGCATTGCATCAGGG ; p172 TCTCGACAGGACTGATCC
p73 ACGTGATACACCGGCTAG ; p173 TACTAAACAGATAACTGT
p74 CTTGGAACTGCGGCCTGA ; p174 CTTATGTCTGAGAACGTC
p75 TTAACTTATGCCCTTCAC ; p175 CACAACCGCGATACGAGT
p76 AAGATTTGCCTATCCGCG ; p176 GCCGGAAGCCTATAGATA
p77 TCGTGAGGTTCAACGTAA ; p177 TTCGGGCACAACCGAGGC
p78 GTTAGCGCCCACCGGGCG ; p178 GACTGGAGAGACAGCTCC
p79 GGGACTCAATCATGGTGG ; p179 TAACGAATTTCGTTTCTT
p80 TTACCTGATCGTATCGTG ; p180 GTTCAATTACACCCTTAA
p81 TCAACTCTCTGTGCTTCT ; p181 TAAGGAGCTGACATCCAC
p82 TGCGAGGAATATTCCAGA ; p182 AGCTTATATCAGCGCTCG
p83 TACGGAAGGGCACATCGG ; p183 ACGAGACGCGCGACACAC
p84 TACGGTAGATTGTTTAAA ; p184 TGACTGAATATTGGGACT
p85 TCAGGATAGATGCCCCTT ; p185 TGTCCATTCAAACCAGGC
p86 CCATTGCATGGGGCCTAG ; p186 AACCGACCTGCCCTCCTG
p87 GCCTCGTTTATGAAAAGG ; p187 ATGACGGCCAGCATCGTT
p88 TCCCCGGGTCTGGTCACA ; p188 TTGTGCAGCGGATCGCTT
p89 TGAACACTTATACGCTGT ; p189 CGTGCAATCCAGCAAGAT
p90 TTAAAGCCAAGTCTCCAA ; p190 GTGATCGGAATTCCCTAG
p91 AGCGCCATTTGGGTGAGG ; p191 TAGAAGGGTTCGTGGCAG
p92 TAGCTCAATGTGACAGCT ; p192 TAGCCCGACAACCAAATG
p93 GGTCAGGCTAGGAGCTCC ; p193 AGGTATTGTTTCCCACCG
p94 AGTGGGATTCCCTACTCG ; p194 CTCCCGCTCATAGCTTCC
p95 CCTCCGTTAGATAGCCCT ; p195 TACGGTCTAGAAAAGTCT
p96 TACTAGTCTCGACCAGTA ; p196 GGAAATTAATTGCTAACT
p97 AGGCCAATAAGCCTTAAT ; p197 GTACAAGGCAAACCGGTG
p98 ATGCCGCGGTCCTGAACC ; p198 TGGACCCCTGTCTCACGT
p99 TTGCACACCCTTGAGGCC ; p199 ACAACTAAGACTCTAGGA
p100 GTGAGCTGACTTTTCAGT ; p200 TAAACCATAATCACGACT
