p101	AATTAATTTATGTATAAC	42.3
p110	AAAATAGACTTTATAAGT	45.6
p26	GTTTCAATTTTGTATTTA	46.5
p104	TCCAAATTAATTTAGAAT	46.7
p163	ATTAGAATGATTCCAATT	49.1
p10	TCATTATCATAAGGAGTA	49.2
p112	TAAATACACAAAGATACC	49.2
p45	TATCGATTATCTCTAAGG	49.9
p173	TACTAAACAGATAACTGT	50.1
p44	TAATTTTTACCCCTATGA	50.4
p70	GTTTTTATGTCGTTCTTA	50.6
p196	GGAAATTAATTGCTAACT	50.6
p125	CATGAAACTCTAAACAAA	50.8
p117	GCTTATACGATAGATCTT	50.9
p84	TACGGTAGATTGTTTAAA	51.1
p141	GATAAAGCCTTAACCTTA	51.6
p49	CGAGATGTTTATTCTTGA	52.3
p142	AATACAGTCTGCTACTTA	52.5
p180	GTTCAATTACACCCTTAA	52.5
p154	TTTATGTTACAACGAGAC	52.6
p56	AGATTAGAATGAAGACCA	52.8
p68	ACAATTCAAATAGCAGTT	52.8
p179	TAACGAATTTCGTTTCTT	52.8
p114	AAGACTAGACGTCTTATG	53.3
p138	GTTAAGAGACTATCGACA	53.3
p200	TAAACCATAATCACGACT	53.5
p46	GACCTAAAGTAGAGACTG	53.6
p61	TACGTTTATGAAAATGCC	53.6
p71	AAAATAACGGCACATAAG	53.6
p199	ACAACTAAGACTCTAGGA	54.1
p166	GTGTTTTGAGTTGTATGG	54.2
p159	AAACTCAGGATATTCGTG	54.6
p151	GCTAGCAGATGAATACAA	54.7
p195	TACGGTCTAGAAAAGTCT	54.8
p75	TTAACTTATGCCCTTCAC	54.9
p135	CTAGCATGTGACGTAATT	55
p149	GATTGATCCATGAATGGT	55
p174	CTTATGTCTGAGAACGTC	55
p12	TCTACCATGGGAGATATG	55.1
p67	AAGACCTTCAAGGGATTA	55.5
p113	GGCTTTTAGACAAACGTA	55.5
p20	ATTCGTAGATGTCCAGAA	55.6
p47	CAGTCATACTTCCGAAAC	55.6
p161	ACACAACATTGCTGTTAA	55.6
p184	TGACTGAATATTGGGACT	55.6
p16	GCCTTACTCTTCAGGATA	55.7
p170	AGGAGGAACACTTATGTT	55.8
p96	TACTAGTCTCGACCAGTA	55.9
p168	GAAGTTAACACCGCTTAG	55.9
p64	ATTGTATACTGAAGCGGA	56
p66	CCGATTACGTAAATCTGC	56.1
p1	CCCTCTCTTTTGGATGTA	56.2
p120	ACTAGGGGTATTTCCAAC	56.3
p136	TGTACGCACGTATAGTAC	56.3
p80	TTACCTGATCGTATCGTG	56.4
p108	GTCCCTAACGTCCAATAT	56.4
p89	TGAACACTTATACGCTGT	56.5
p119	GAATTTTGGTTTACCGCT	56.5
p27	CTGTAGTTAGTACGAGGC	56.6
p87	GCCTCGTTTATGAAAAGG	56.6
p115	CTCTCAAGAACGCTGATA	56.6
p134	ACAACTCCGTATTCTGAG	56.6
p90	TTAAAGCCAAGTCTCCAA	56.7
p97	AGGCCAATAAGCCTTAAT	56.7
p105	CTACAGTAGATGTGAGGC	56.7
p34	CCCTCCGGTTTAATCTAC	57
p37	GATAACGGTCCTACTTCG	57
p65	GGTGATTGCTTCCTTTTG	57.1
p139	CGGTATGTATTGCTGCTA	57.1
p148	GTGAATAGGGGGTATTCG	57.1
p156	CTATGGCAAATAGCTCCA	57.1
p190	GTGATCGGAATTCCCTAG	57.1
p38	GACCACTGATTTTCCACT	57.4
p39	GTGGGTTTTATTCGGGAT	57.6
p100	GTGAGCTGACTTTTCAGT	57.7
p50	CATCGTCTCTGAAGAACG	57.9
p122	TGGCATACTGATACCCTT	58
p11	TTCACAAGTCGATTTGGG	58.1
p176	GCCGGAAGCCTATAGATA	58.2
p36	GCGACATAAGAGCTCAAG	58.3
p82	TGCGAGGAATATTCCAGA	58.3
p42	CTCCATGGACATCCAGTA	58.4
p81	TCAACTCTCTGTGCTTCT	58.4
p33	CTACTCCTCTGATCAGGC	58.7
p121	GATACTTTCGAGCATGCC	58.7
p160	AATGCTATACTTCGCCCT	58.7
p13	TGGGGTACGGTTAATCTG	58.9
p92	TAGCTCAATGTGACAGCT	58.9
p181	TAAGGAGCTGACATCCAC	58.9
p77	TCGTGAGGTTCAACGTAA	59
p54	TCAACTCTTGACAGCGAT	59.1
p40	GTGGTCCTCGGATTAACA	59.2
p69	TAACTCATGCGCCGAATA	59.3
p3	GGCATACCACTCTAGAGC	59.4
p55	TGGTGGACCGTACAATTT	59.4
p118	GCTATGACAGGGGTTAGG	59.4
p32	TCATTCGACCTTCGTAGC	59.5
p9	AATGACGTAGCCCAACTT	59.5
p182	AGCTTATATCAGCGCTCG	59.7
p59	CTCAGTTCCCCTCGAAAG	59.8
p116	GTACGTATCTGCTCCAGC	59.9
p193	AGGTATTGTTTCCCACCG	59.9
p171	CAACGTAACGCCACAAAC	60.1
p85	TCAGGATAGATGCCCCTT	60.2
p146	GGTTCAGCCACGTATACC	60.2
p147	AGTAGGTGCTTAGACCGT	60.2
p152	ACCTTCCCGACTAACTCA	60.2
p79	GGGACTCAATCATGGTGG	60.3
p43	CCAGCTGACTCTAAAGCG	60.5
p95	CCTCCGTTAGATAGCCCT	60.5
p126	CTAAGGGTGGTTCTTCGC	60.5
p155	GAATGGCTTCCCAGAGTG	60.5
p192	TAGCCCGACAACCAAATG	60.5
p17	ACCTCTAACTCCGCCTAC	60.6
p76	AAGATTTGCCTATCCGCG	60.6
p172	TCTCGACAGGACTGATCC	60.6
p94	AGTGGGATTCCCTACTCG	60.7
p165	CGCCTACTCTGAACGTTG	60.7
p185	TGTCCATTCAAACCAGGC	60.8
p144	ATGGGACAATAACGCAGC	60.9
p57	TAAGGGGCCCGTCTTAAA	61
p63	ATAGCCCTGTCGTAGGTG	61
p189	CGTGCAATCCAGCAAGAT	61.1
p103	GGGGATTGCCCCTTAGTA	61.2
p133	GCAAACGTCTGCTCAAGT	61.2
p6	GCGTGCAGCTTCTGTTTA	61.3
p52	TTATAGTGAGCCGAGGGC	61.4
p73	ACGTGATACACCGGCTAG	61.5
p137	GCGTAGTGCTACCGTACT	61.5
p178	GACTGGAGAGACAGCTCC	61.5
p197	GTACAAGGCAAACCGGTG	61.6
p131	TCGTAGTGCATACGCGAA	61.7
p29	TTCGGCCTGTTCATGTCT	61.8
p111	GACCTATGAGATCCCGGC	61.8
p124	AACGGGCGATCTCTACAC	61.8
p191	TAGAAGGGTTCGTGGCAG	61.8
p41	TACGCCTTCTCAGCAAGG	62.1
p158	GGGACAGACTGCATTCCA	62.2
p153	CCGCCTATCCCTGACAAG	62.3
p167	ATTCCTCGCTATGTCGGC	62.3
p194	CTCCCGCTCATAGCTTCC	62.3
p21	TCATGGCTTCTCACGGTG	62.4
p150	TAACGTGTGGCGCTATCC	62.4
p35	CGCAACTGCGATTGCTTT	62.5
p157	GTGTGATCGTCTGCCACA	62.6
p169	AAAGGGTTACCCGATGGC	62.6
p175	CACAACCGCGATACGAGT	62.6
p102	GCCGCATGCCCATTTTAC	62.8
p109	CAGCACGGTTACTAGGCC	62.8
p72	TCAGGCATTGCATCAGGG	63
p8	TCAGGCAATTGGCGTCAA	63
p23	CCTCCCCATATACCGCCT	63.3
p62	CAGTTTAAGCCTCGGGCC	63.4
p86	CCATTGCATGGGGCCTAG	63.4
p162	GCAGAACACCGATGCCTT	63.4
p18	CTCCTTGCCAACCATCCG	63.5
p140	CGCCAGAAGCAAAGCTCA	63.6
p107	TTAAGGGCCGTCAGCTCT	63.6
p93	GGTCAGGCTAGGAGCTCC	64
p106	CCCTGCCGGCAATACAAC	64.1
p123	GCAGCAAGTCGTCACGTG	64.2
p83	TACGGAAGGGCACATCGG	64.5
p132	AGTGCATCCGGTCAGTCG	64.7
p58	CCTTAGGGCTCCACACCG	64.8
p187	ATGACGGCCAGCATCGTT	65.1
p14	GCTTGCACCTGCGCAATT	65.2
p24	GCGGATGCCCTAATCGCT	65.3
p74	CTTGGAACTGCGGCCTGA	65.3
p2	AAACCCGGATAGCACGGC	65.4
p198	TGGACCCCTGTCTCACGT	65.5
p188	TTGTGCAGCGGATCGCTT	65.6
p99	TTGCACACCCTTGAGGCC	65.7
p91	AGCGCCATTTGGGTGAGG	65.8
p25	ATGGGCAACCCCTACCCT	66
p30	CCAGGGTTGCCTTGGCAA	66.1
p53	TGATGTTCGAGGGCGGGA	66.2
p19	GGAGCTGACGCTCCCAGA	66.5
p7	CTCACCTGGAGGTCCGGG	66.6
p60	GGACCTCCCCCTGCAACT	66.7
p186	AACCGACCTGCCCTCCTG	66.9
p164	ACCTAAGGGAAGGGCGCC	67
p145	TGCTACACGTCGCCGGTG	67.6
p130	GTGCTGTACGAGGGGCCC	67.7
p48	ATGCATGGCCGAGGTGCA	67.9
p183	ACGAGACGCGCGACACAC	67.9
p88	TCCCCGGGTCTGGTCACA	68
p98	ATGCCGCGGTCCTGAACC	68
p177	TTCGGGCACAACCGAGGC	68.1
p127	CGGCTTACAGGCACGCGT	68.2
p128	GGGCGCGCAGTCGGTTAA	68.3
p4	GACGCCCCCCTACGGCTA	68.6
p129	CTGCGACCCGCATCCAGC	68.7
p143	GGGCAGGAGGGTGGTCCA	69.1
p28	GACCCCGTACGGGGGGTC	69.2
p15	AGCCCCCCAGTGCCCTTT	69.6
p5	GGAGAGCGAGCGCGCTCA	69.9
p51	TCCTCGGCCCGTGCCTCT	70.9
p78	GTTAGCGCCCACCGGGCG	71.2
p22	CGCGTGTCATGGCCGGCG	71.7
p31	GCCAGGCTCCGCGTGCCG	73.8
